{
  "towns" : [
  {
    "name": "Como",
    "mainFeature": "Como Cathedral",
    "famousPeople": "Alessandro Volta",
    "currentPopulation": 83320,
    "averageRainfall": 1.072,
    "events" : [
      "June 23-July 11: Lake Como, magic cocktails in Villa del Balbianello",
      "July 11: Negrita in concert",
      "July 27-29: Lake Como Film Night",
      "November 24-January 6: Como Christmas Markets"
    ]
  },
  {
    "name": "Lecco",
    "mainFeature": "Minor Basilica of San Nicolò",
    "famousPeople": "Alessandro Manzoni",
    "currentPopulation": 48177,
    "averageRainfall": 1.118,
    "events" : [
      "June 21-August 11: Bellagio and Lake Como Festival",
      "July 2-September 14: Lecco Jazz Festival",
      "July 7: Assault to Resegone",
      "July 20: Lario Nocturnal Raid"
    ]
  },
  {
    "name": "Milano",
    "mainFeature": "Milan Cathedral",
    "famousPeople": "saint Ambrose of Milan",
    "currentPopulation": 1395274,
    "averageRainfall": 920.1,
    "events" : [
      "May 31-October 31: Cinema Bianchini, cinema on the roof of the Gallery",
      "January 27 2018-December 31 2019: The Secrets of Ca' Granda",
      "May 8-July 17: Milano Summer Festival",
      "January 11-September 15: Leonardo & Warhol | The genius experience",
      "November 30-December 8: L'Artigiano in Fiera"
    ]
  }
  ]
}